{"stats":{"minecraft:crafted":{"minecraft:oak_planks":144,"minecraft:stone_axe":1,"minecraft:crafting_table":1,"minecraft:stick":4,"minecraft:wooden_pickaxe":1},"minecraft:killed":{"minecraft:sheep":3},"minecraft:used":{"minecraft:stone_axe":70,"minecraft:crafting_table":1,"minecraft:bread":2,"minecraft:wooden_pickaxe":8},"minecraft:mined":{"minecraft:hay_block":15,"minecraft:grass":2,"minecraft:grass_block":2,"minecraft:oak_log":67,"minecraft:dirt":3,"minecraft:stone":7,"minecraft:andesite":1,"minecraft:oak_leaves":2},"minecraft:picked_up":{"minecraft:apple":1,"minecraft:andesite":1,"minecraft:brown_wool":1,"minecraft:hay_block":12,"minecraft:oak_log":61,"minecraft:mutton":4,"minecraft:white_wool":2,"minecraft:dirt":9,"minecraft:cobblestone":7},"minecraft:custom":{"minecraft:time_since_rest":9619,"minecraft:open_chest":9,"minecraft:play_one_minute":9619,"minecraft:crouch_one_cm":6120,"minecraft:sprint_one_cm":27252,"minecraft:damage_taken":60,"minecraft:walk_one_cm":20991,"minecraft:sneak_time":1983,"minecraft:mob_kills":3,"minecraft:jump":189,"minecraft:damage_dealt":330,"minecraft:leave_game":1,"minecraft:time_since_death":9619,"minecraft:talked_to_villager":1,"minecraft:interact_with_crafting_table":3,"minecraft:fall_one_cm":4140,"minecraft:fly_one_cm":26434}},"DataVersion":2586}