{"stats":{"minecraft:used":{"minecraft:wheat_seeds":2,"minecraft:beetroot":2,"kimetsunoyaiba:nichirinsword":1,"kimetsunoyaiba:nichirinswordmoon":42,"minecraft:oak_planks":2,"minecraft:iron_pickaxe":6,"minecraft:iron_sword":2,"minecraft:wooden_pickaxe":5,"minecraft:rotten_flesh":8,"minecraft:stone_axe":17,"minecraft:crafting_table":2,"minecraft:carrot":12,"minecraft:potato":5},"minecraft:picked_up":{"minecraft:crafting_table":2,"minecraft:stick":8,"minecraft:chicken":4,"minecraft:potato":6,"minecraft:oak_log":40,"kimetsunoyaiba:uniform_leggings":2,"minecraft:ink_sac":4,"minecraft:gunpowder":1,"minecraft:carrot":18,"kimetsunoyaiba:uniform_chestplate":2,"minecraft:dark_oak_log":1,"kimetsunoyaiba:nichirinswordmoon":2,"minecraft:iron_leggings":1,"minecraft:bone":15,"minecraft:arrow":13,"minecraft:rotten_flesh":16,"minecraft:beetroot":2,"minecraft:stone_axe":2,"kimetsunoyaiba:uniform_boots":2,"minecraft:beetroot_seeds":10,"minecraft:wheat_seeds":10,"minecraft:beef":1,"minecraft:iron_pickaxe":3,"minecraft:oak_sapling":2,"minecraft:iron_sword":3,"minecraft:oak_planks":2,"minecraft:cobblestone":7,"minecraft:egg":2},"minecraft:killed":{"minecraft:skeleton":2,"minecraft:chicken":2,"minecraft:squid":2,"minecraft:cow":1},"minecraft:crafted":{"minecraft:oak_planks":116,"minecraft:crafting_table":2,"minecraft:stick":8,"minecraft:wooden_pickaxe":1,"minecraft:stone_sword":1,"minecraft:dark_oak_planks":4,"minecraft:stone_axe":1},"minecraft:custom":{"minecraft:time_since_rest":8367,"minecraft:sprint_one_cm":120817,"minecraft:damage_taken":825,"minecraft:walk_one_cm":167281,"minecraft:mob_kills":11,"minecraft:drop":21,"minecraft:damage_dealt":1298,"minecraft:swim_one_cm":921,"minecraft:interact_with_crafting_table":9,"minecraft:fly_one_cm":254028,"minecraft:open_chest":2,"minecraft:open_barrel":17,"minecraft:play_one_minute":39635,"minecraft:crouch_one_cm":2399,"minecraft:deaths":4,"minecraft:sneak_time":862,"minecraft:walk_under_water_one_cm":1015,"minecraft:damage_dealt_resisted":101,"minecraft:jump":1012,"minecraft:leave_game":4,"minecraft:time_since_death":8307,"minecraft:walk_on_water_one_cm":9482,"minecraft:damage_resisted":77,"minecraft:fall_one_cm":35769},"minecraft:killed_by":{"minecraft:skeleton":1,"minecraft:zombie":1,"kimetsunoyaiba:demon_2":1},"minecraft:dropped":{"minecraft:wheat_seeds":4,"minecraft:ink_sac":1,"minecraft:rotten_flesh":8,"minecraft:arrow":3,"minecraft:bone":4,"minecraft:stick":1},"minecraft:mined":{"minecraft:carrots":2,"minecraft:wheat":1,"minecraft:dark_oak_log":1,"minecraft:crafting_table":1,"minecraft:grass":18,"minecraft:oak_log":28,"minecraft:beetroots":2,"minecraft:tall_grass":14,"minecraft:stone":7,"minecraft:oak_planks":2,"minecraft:oak_leaves":10}},"DataVersion":2586}