{"stats":{"minecraft:used":{"minecraft:apple":4,"minecraft:spruce_slab":2,"minecraft:bread":2,"minecraft:iron_sword":5,"kimetsunoyaiba:nichirinsword_thunder":14,"kimetsunoyaiba:fuji_flower":29,"minecraft:potato":1},"minecraft:picked_up":{"kimetsunoyaiba:nichirinsword_thunder":2,"minecraft:potato":2,"minecraft:oak_log":3,"kimetsunoyaiba:uniform_leggings":2,"minecraft:lily_of_the_valley":1,"kimetsunoyaiba:uniform_chestplate":2,"minecraft:iron_leggings":2,"minecraft:arrow":2,"minecraft:bone":6,"minecraft:rotten_flesh":6,"minecraft:apple":3,"kimetsunoyaiba:fuji_flower":84,"kimetsunoyaiba:uniform_boots":1,"minecraft:wheat_seeds":5,"minecraft:spruce_slab":3,"minecraft:iron_sword":2},"minecraft:killed":{"minecraft:zombie":1},"minecraft:custom":{"minecraft:time_since_rest":2794,"minecraft:waystone_activated":1,"minecraft:sprint_one_cm":154750,"minecraft:damage_taken":1084,"minecraft:walk_one_cm":155848,"minecraft:mob_kills":2,"minecraft:drop":22,"minecraft:damage_dealt":871,"minecraft:swim_one_cm":4215,"minecraft:fly_one_cm":275257,"minecraft:open_barrel":19,"minecraft:open_chest":1,"minecraft:crouch_one_cm":37,"minecraft:play_one_minute":46379,"minecraft:sneak_time":173,"minecraft:deaths":5,"minecraft:walk_under_water_one_cm":3494,"minecraft:jump":1027,"minecraft:damage_dealt_resisted":358,"minecraft:interact_with_brewingstand":1,"minecraft:eat_cake_slice":2,"minecraft:leave_game":3,"minecraft:time_since_death":2137,"minecraft:walk_on_water_one_cm":25085,"minecraft:damage_resisted":212,"minecraft:fall_one_cm":38245},"minecraft:killed_by":{"kimetsunoyaiba:susamaru":1,"minecraft:skeleton":1},"minecraft:dropped":{"minecraft:iron_sword":2,"minecraft:wheat_seeds":5,"minecraft:oak_log":2,"minecraft:rotten_flesh":4,"minecraft:iron_leggings":2,"minecraft:spruce_slab":1,"minecraft:arrow":1,"minecraft:bone":6,"minecraft:lily_of_the_valley":1},"minecraft:mined":{"kimetsunoyaiba:fuji_flower":20,"minecraft:grass":1,"minecraft:oak_log":1,"minecraft:oak_leaves":12,"minecraft:spruce_slab":3}},"DataVersion":2586}