{"stats":{"minecraft:dropped":{"minecraft:wheat_seeds":1},"minecraft:crafted":{"minecraft:oak_planks":12,"minecraft:stick":4,"minecraft:bread":48,"minecraft:wheat":144,"minecraft:wooden_pickaxe":1},"minecraft:used":{"minecraft:wooden_pickaxe":6},"minecraft:mined":{"minecraft:hay_block":15,"minecraft:grass":1,"minecraft:grass_block":4,"minecraft:oak_log":3,"minecraft:dirt":7,"minecraft:stone":6,"minecraft:crafting_table":1,"minecraft:yellow_bed":2},"minecraft:picked_up":{"minecraft:crafting_table":1,"minecraft:wheat_seeds":1,"minecraft:hay_block":16,"minecraft:oak_log":3,"minecraft:yellow_bed":2,"minecraft:dirt":11,"minecraft:cobblestone":6},"minecraft:custom":{"minecraft:time_since_rest":6013,"minecraft:open_chest":3,"minecraft:waystone_activated":1,"minecraft:play_one_minute":6013,"minecraft:sprint_one_cm":22918,"minecraft:walk_one_cm":21900,"minecraft:drop":1,"minecraft:jump":99,"minecraft:leave_game":1,"minecraft:time_since_death":6013,"minecraft:talked_to_villager":1,"minecraft:interact_with_crafting_table":3,"minecraft:fall_one_cm":1790,"minecraft:fly_one_cm":20797}},"DataVersion":2586}